epoch,time,train/box_loss,train/cls_loss,train/dfl_loss,metrics/precision(B),metrics/recall(B),metrics/mAP50(B),metrics/mAP50-95(B),val/box_loss,val/cls_loss,val/dfl_loss,lr/pg0,lr/pg1,lr/pg2
1,221.984,4.734,8.09455,1.75483,0.00108,0.00197,0.00055,7e-05,5.47868,6.55887,1.63665,0.0946,0.0006,0.0006
2,501.892,4.94079,3.45366,1.19487,0,0,0,0,0,0,0,0.0882871,0.00128713,0.00128713
3,773.419,4.39319,2.96096,1.08792,0,0,0,0,0,0,0,0.0819604,0.0019604,0.0019604
4,1061.14,4.40597,4.62988,1.07196,0,0,0,0,0,0,0,0.0756198,0.00261981,0.00261981
5,1331.66,4.52423,3.49665,1.05182,0,0,0,0,0,0,0,0.0692654,0.00326536,0.00326536
6,1597.26,4.6147,2.98837,1.01001,0,0,0,0,0,0,0,0.062897,0.00389705,0.00389705
7,1868.4,4.45269,2.95472,1.04858,0,0,0,0,0,0,0,0.0565149,0.00451488,0.00451488
8,2129.24,4.39534,2.99511,1.0534,0,0,0,0,0,0,0,0.0501188,0.00511885,0.00511885
9,2408.19,4.61377,2.99143,1.01112,0,0,0,0,0,0,0,0.043709,0.00570896,0.00570896
10,2720.32,4.52048,3.14749,1.03069,0,0,0,0,0,0,0,0.0372852,0.00628521,0.00628521
11,3026.83,4.40223,3.99837,1.06643,0,0,0,0,0,0,0,0.0308476,0.0068476,0.0068476
12,3325.14,4.63991,2.88456,1.06887,0,0,0,0,0,0,0,0.0243961,0.00739613,0.00739613
13,3646.9,4.67304,2.77811,1.03237,0,0,0,0,0,0,0,0.0179308,0.0079308,0.0079308
14,3972.83,4.44797,2.85936,0.99559,0,0,0,0,0,0,0,0.0114516,0.00845161,0.00845161
15,4267.39,4.43998,3.19781,0.99587,0,0,0,0,5.71717,114.352,1.19078,0.008614,0.008614,0.008614
16,4584.84,4.56814,3.01908,0.99172,0,0,0,0,5.11797,7.08226,1.0852,0.008515,0.008515,0.008515
17,4882.67,4.35004,2.98163,1.04566,0.0051,0.00364,0.00241,0.00024,4.67794,4.73496,1.04711,0.008416,0.008416,0.008416
18,5168.1,4.40193,3.14683,1.05722,0.00621,0.01078,0.00318,0.00112,4.16158,6.23215,1.01821,0.008317,0.008317,0.008317
19,5505.05,4.52625,2.88971,1.0708,0.01947,0.01184,0.00572,0.00188,4.31133,4.0775,1.05051,0.008218,0.008218,0.008218
20,5796.79,4.70319,2.90943,1.05185,0.00991,0.00729,0.00307,0.00085,4.26899,16.2538,1.10194,0.008119,0.008119,0.008119
21,6039.33,4.35136,2.8481,1.04962,0.0064,0.00638,0.00238,0.00062,4.29059,13.0228,1.04031,0.00802,0.00802,0.00802
22,6324.38,4.63245,2.84072,1.00738,0.00995,0.00638,0.00501,0.00154,4.20983,5.41965,1.03833,0.007921,0.007921,0.007921
23,6624.14,4.44354,2.8044,1.03271,0.02881,0.01063,0.01466,0.00424,4.11756,5.15427,1.03667,0.007822,0.007822,0.007822
24,6933.64,4.44379,2.71151,1.0259,0.02343,0.01488,0.01037,0.00289,4.2768,3.71984,1.04914,0.007723,0.007723,0.007723
25,7222.85,4.43823,2.77939,1.03344,0.02465,0.0126,0.00514,0.00143,4.40834,3.90624,1.10152,0.007624,0.007624,0.007624
26,7533.97,4.58491,3.49235,1.03165,0.00175,0.00319,0.00088,0.00019,4.441,5.84313,1.09036,0.007525,0.007525,0.007525
27,7801.99,4.43127,3.0105,1.03169,0.00258,0.00471,0.0013,0.00033,4.38225,7.59148,1.07782,0.007426,0.007426,0.007426
28,8080.51,4.43672,2.6208,1.03012,0.01558,0.01366,0.00707,0.00218,4.20226,3.89958,1.05004,0.007327,0.007327,0.007327
29,8348.84,4.49801,2.87636,1.03356,0.0316,0.02171,0.00923,0.00255,4.07604,3.21913,1.0333,0.007228,0.007228,0.007228
30,8600.64,4.53199,2.82402,1.01462,0.02929,0.01321,0.00534,0.00157,4.24914,3.55752,1.12559,0.007129,0.007129,0.007129
31,8835.69,4.5117,2.7407,1.01786,0.01841,0.00881,0.00373,0.00093,4.2506,3.45794,1.04279,0.00703,0.00703,0.00703
32,9066.08,4.4948,4.62989,1.11961,0.02303,0.01564,0.00604,0.00137,4.23752,3.14486,1.04853,0.006931,0.006931,0.006931
33,9330,4.45239,2.68856,1.02046,0.01728,0.01852,0.00639,0.00178,4.24796,3.15394,1.05608,0.006832,0.006832,0.006832
34,9577.26,4.41354,2.70264,1.03895,0.02736,0.02368,0.00834,0.00254,4.19584,3.09706,1.05307,0.006733,0.006733,0.006733
35,9864.3,4.53986,2.79548,1.02162,0.01933,0.01882,0.00814,0.00237,4.1169,4.79122,1.1702,0.006634,0.006634,0.006634
36,10154.4,4.42468,2.52346,1.03754,0.015,0.02733,0.00979,0.00326,4.27038,3.15365,1.0706,0.006535,0.006535,0.006535
37,10421.2,4.33179,2.47976,1.03112,0.01467,0.02672,0.00955,0.00314,4.29618,3.05514,1.07246,0.006436,0.006436,0.006436
38,10682.7,4.45569,2.89323,1.06065,0.01175,0.02141,0.01045,0.00331,4.42665,3.16887,1.09455,0.006337,0.006337,0.006337
39,10928.4,4.31347,3.57659,1.05809,0.00933,0.017,0.00522,0.00107,4.45809,3.43715,1.22026,0.006238,0.006238,0.006238
40,11185.3,4.46283,2.72296,1.06066,0.02536,0.01837,0.01551,0.00456,4.78463,4.50674,1.1583,0.006139,0.006139,0.006139
41,11442.4,4.3301,2.72528,1.04488,0.03713,0.01989,0.02029,0.00577,4.76847,4.89522,1.15851,0.00604,0.00604,0.00604
42,11695.1,4.47541,2.83507,1.03422,0.03351,0.02277,0.01844,0.005,4.43589,4.39728,1.07381,0.005941,0.005941,0.005941
43,11939.4,4.43251,2.70802,0.98597,0.0125,0.01093,0.0064,0.0018,4.3181,3.5021,1.06233,0.005842,0.005842,0.005842
44,12265.7,4.47308,3.29896,0.9927,0.01365,0.02125,0.00986,0.00253,4.25865,3.58981,1.06029,0.005743,0.005743,0.005743
45,12528.7,4.46784,2.66039,1.00994,0.02661,0.02596,0.0191,0.00555,4.28437,3.5827,1.06888,0.005644,0.005644,0.005644
46,12786.6,4.37884,2.70111,1.01821,0.01325,0.02414,0.01213,0.00459,4.23578,3.04165,1.0618,0.005545,0.005545,0.005545
47,13057.9,4.46783,2.72734,1.03976,0.0232,0.02323,0.00838,0.00256,4.23715,3.26699,1.07497,0.005446,0.005446,0.005446
48,13323.3,4.49849,2.72307,1.04118,0.02619,0.03006,0.01633,0.00479,4.35674,3.43688,1.0953,0.005347,0.005347,0.005347
49,13630.4,4.41811,2.6211,1.04404,0.02343,0.03006,0.01509,0.00429,4.27174,2.9622,1.08078,0.005248,0.005248,0.005248
50,13974.5,4.62333,3.03201,1.02271,0.01692,0.03082,0.01102,0.00348,4.16553,2.9937,1.06891,0.005149,0.005149,0.005149
51,14234.5,4.3662,2.55399,1.01778,0.01408,0.02566,0.00826,0.00251,4.11229,3.00428,1.05511,0.00505,0.00505,0.00505
52,14605.8,4.6184,2.83842,1.02629,0.00983,0.01791,0.00523,0.00144,4.12829,3.12146,1.04892,0.004951,0.004951,0.004951
53,14859.4,4.6123,2.62102,1.00289,0.01042,0.01898,0.00561,0.00153,4.12941,3.14851,1.04725,0.004852,0.004852,0.004852
54,15207,4.42185,3.15562,1.04099,0.01208,0.02201,0.00916,0.0024,4.09744,3.17981,1.04214,0.004753,0.004753,0.004753
55,15465,4.42929,2.72943,1.00672,0.01175,0.02141,0.00714,0.00203,4.10494,3.23532,1.04198,0.004654,0.004654,0.004654
1,32.74,4.32614,6.21774,1.57375,0.00993,0.00273,0.005,0.00145,3.84397,7.46618,1.96505,0.0892,0.0012,0.0012
2,63.1082,3.62193,6.43845,1.37565,8e-05,0.00015,4e-05,1e-05,5.98323,2.0547e+08,27240.2,0.0772525,0.0022525,0.0022525
3,93.5152,3.05179,2.92311,1.33532,0,0,0,0,0,0,0,0.0650476,0.0030476,0.0030476
4,133.096,3.04676,2.59392,1.3223,0,0,0,0,0,0,0,0.0525853,0.0035853,0.0035853
5,177.535,2.94044,2.30302,1.23987,0,0,0,0,0,0,0,0.0398656,0.0038656,0.0038656
6,223.733,2.66662,2.02709,1.14202,0,0,0,0,0,0,0,0.0268885,0.0038885,0.0038885
7,269.595,2.14173,1.54418,0.97685,0,0,0,0,0,0.00202,0,0.013654,0.003654,0.003654
8,311.986,2.53296,1.68896,1.10967,0,0,0,0,8e-05,0.0406,4e-05,0.00307,0.00307,0.00307
9,353.957,2.5174,1.53125,1.07743,0,0,0,0,0.00292,0.53406,0.00075,0.00208,0.00208,0.00208
10,394.959,2.31004,1.47872,0.99541,0,0,0,0,0.51518,1.68292,0.09346,0.00109,0.00109,0.00109
